Episode,Reward,Mean_100,Epsilon
1,-66.18175588368592,-66.18175588368592,0.995
2,-171.67373026912065,-118.92774307640329,0.990025
3,-61.03479943767298,-99.63009519682652,0.985074875
4,-194.73231025866312,-123.40564896228567,0.9801495006250001
5,-342.2228833617206,-167.16909584217265,0.9752487531218751
6,-440.3371516439382,-212.69710514246694,0.9703725093562657
7,-148.20162418519908,-203.48346500571438,0.9655206468094844
8,-256.194331997773,-210.0723233797217,0.960693043575437
9,-99.3991619403553,-197.77530544201431,0.9558895783575597
10,-274.34392069727176,-205.43216696754007,0.9511101304657719
11,-360.10494121175043,-219.49332826246828,0.946354579813443
12,2.4215187441436257,-201.00042434525062,0.9416228069143757
13,-72.36305946858312,-191.10524243166083,0.9369146928798039
14,-224.70838811558835,-193.50546712336993,0.9322301194154049
15,-76.36594223053397,-185.69616546384754,0.9275689688183278
16,-32.78402504980744,-176.13915668797003,0.9229311239742362
17,-110.70712253629044,-172.29021350257713,0.918316468354365
18,-119.89488112678961,-169.37936170392226,0.9137248860125932
19,-425.4768437038658,-182.85817654602454,0.9091562615825302
20,-339.08306323037743,-190.66942088024217,0.9046104802746175
21,-117.98705693757397,-187.20835593059132,0.9000874278732445
22,-169.73802937301008,-186.414250177974,0.8955869907338783
23,-173.40479905500305,-185.84862186827962,0.8911090557802088
24,-330.86409482772484,-191.8909332415898,0.8866535105013078
25,-215.83280552055066,-192.84860813274827,0.8822202429488013
26,-183.91635484411648,-192.50505992933935,0.8778091417340573
27,-143.39829320818689,-190.6862907915189,0.8734200960253871
28,-490.9434458609524,-201.40976061542725,0.8690529955452602
29,-215.0024617056719,-201.87847444612532,0.8647077305675338
30,-347.42910698424896,-206.7301621973961,0.8603841919146962
31,-110.74010414665759,-203.6337087118884,0.8560822709551227
32,-120.32223409108153,-201.0302251299882,0.851801859600347
33,-107.59696067599712,-198.19891408592787,0.8475428503023453
34,-220.9980434492529,-198.86947671426094,0.8433051360508336
35,-73.73200502536378,-195.29412038029247,0.8390886103705794
36,-107.84699326388898,-192.8650335159479,0.8348931673187264
37,-115.1344344711612,-190.76420651473748,0.8307187014821328
38,-273.85666315565936,-192.95085011055122,0.8265651079747222
39,-217.13331333306888,-193.57091327010295,0.8224322824348486
40,-141.6966945806517,-192.27405780286662,0.8183201210226743
41,-121.86635444563977,-190.55679674537328,0.8142285204175609
42,-176.74318958361886,-190.22790133676008,0.810157377815473
43,-114.69194914509733,-188.47125128579117,0.8061065909263957
44,-193.2259857045248,-188.5793134316715,0.8020760579717637
45,-59.67939403879444,-185.71487077849645,0.798065677681905
46,-132.98718353930545,-184.56861670807928,0.7940753492934954
47,-204.07356311726173,-184.98361556784909,0.7901049725470279
48,-78.03465254084986,-182.75551217145332,0.7861544476842928
49,-313.7947996122672,-185.42978334371483,0.7822236754458713
50,-133.14399591176027,-184.38406759507572,0.778312557068642
51,-163.5271595096359,-183.97510861300827,0.7744209942832988
52,-184.4144110256379,-183.9835567363281,0.7705488893118823
53,-108.14303734409297,-182.55260354024819,0.7666961448653229
54,-125.83117576263857,-181.5022067295517,0.7628626641409962
55,-87.92501552659535,-179.8008032531343,0.7590483508202912
56,-174.3671296188469,-179.70377336680772,0.7552531090661897
57,-94.42710063344744,-178.20769138902946,0.7514768435208588
58,-98.7124870782732,-176.83708441815435,0.7477194593032545
59,-99.88515799016419,-175.5328144786969,0.7439808620067382
60,-217.3405235862205,-176.22960963048897,0.7402609576967045
61,12.925226338959675,-173.12871068017014,0.736559652908221
62,-117.50002715354442,-172.23147384909555,0.7328768546436799
63,-137.81805011579655,-171.68522902793205,0.7292124703704616
64,-133.56147569840422,-171.08954538215818,0.7255664080186093
65,-126.44800444386469,-170.40275244464596,0.7219385759785162
66,-192.13391221574975,-170.73201244117783,0.7183288830986236
67,-299.84850950960356,-172.65912433772152,0.7147372386831305
68,-54.784336052821104,-170.92567156882592,0.7111635524897149
69,-139.64884299490922,-170.47238419818945,0.7076077347272662
70,-79.05645928000988,-169.166442413644,0.7040696960536299
71,-71.53431258653302,-167.79134199354385,0.7005493475733617
72,-117.95635505964961,-167.09918939723983,0.697046600835495
73,-107.36570544748845,-166.28092249381857,0.6935613678313175
74,-69.32845167616469,-164.97075396925567,0.6900935609921609
75,-21.503696229871693,-163.0578598660639,0.6866430931872001
76,-107.6677532200406,-162.32904267335306,0.6832098777212641
77,-79.94128743045718,-161.25907182604274,0.6797938283326578
78,-203.56955656268502,-161.80151393805096,0.6763948591909945
79,-121.29111402174672,-161.2887240656927,0.6730128848950395
80,-37.35926907201173,-159.73960587827165,0.6696478204705644
81,-129.7136075875882,-159.36891454134962,0.6662995813682115
82,-53.830322880941964,-158.08185854549097,0.6629680834613705
83,-31.5058765408849,-156.55684671411018,0.6596532430440636
84,11.641671800353876,-154.5544833984618,0.6563549768288433
85,-93.17865653392084,-153.83241484711425,0.653073201944699
86,-97.1987790456459,-153.17388419825997,0.6498078359349755
87,-108.63786649054617,-152.66197594874603,0.6465587967553006
88,-42.06050458691631,-151.4051410469071,0.6433260027715241
89,-62.23354175663501,-150.4032129649939,0.6401093727576664
90,-41.170346470324105,-149.1895144483865,0.6369088258938781
91,-111.4113931390355,-148.77437025817383,0.6337242817644086
92,-77.90075426900165,-148.00400486698717,0.6305556603555866
93,-192.14660361208672,-148.47865646639684,0.6274028820538087
94,-76.38860103168335,-147.71174098304883,0.6242658676435396
95,-108.4660565758245,-147.29862851560435,0.6211445383053219
96,-53.59022544421889,-146.3224993169441,0.6180388156137953
97,-73.64869922497897,-145.5732848830063,0.6149486215357263
98,-190.7247772348195,-146.03401439680033,0.6118738784280476
99,-108.86228806427908,-145.65854241364354,0.6088145090359074
100,-57.814826801962134,-144.7801052575267,0.6057704364907278
101,-164.26589339122233,-145.76094663260207,0.6027415843082742
102,-38.23071361566146,-144.42651646606748,0.5997278763867329
103,-78.96953713597745,-144.60586384305054,0.5967292370047992
104,-57.119270675969354,-143.2297334472236,0.5937455908197752
105,-47.17813064227654,-140.27928592002917,0.5907768628656763
106,-49.62557855009773,-136.37217018909075,0.5878229785513479
107,-125.02869575653793,-136.14044090480414,0.5848838636585911
108,-211.14805195990704,-135.68997810442545,0.5819594443402982
109,-25.165706607846644,-134.94764355110038,0.5790496471185967
110,-132.95491773208187,-133.5337535214485,0.5761543988830038
111,-48.975696456446556,-130.42246107389542,0.5732736268885887
112,-0.9231018167966454,-130.45590727950486,0.5704072587541458
113,-66.1618567408176,-130.3938952522272,0.567555222460375
114,-38.86676669755657,-128.53547903804687,0.5647174463480732
115,-104.44661193170035,-128.81628573505853,0.5618938591163328
116,-46.54999654979853,-128.95394545005843,0.5590843898207511
117,-44.90965991291523,-128.2959708238247,0.5562889678716474
118,-63.33279698408229,-127.73034998239764,0.5535075230322891
119,-179.67158006162543,-125.27229734597523,0.5507399854171277
120,-216.3717653040259,-124.04518436671171,0.547986285490042
121,-65.90147371960474,-123.52432853453203,0.5452463540625918
122,-94.58499763640759,-122.77279821716598,0.5425201222922789
123,-56.02862682852896,-121.59903649490124,0.5398075216808175
124,-71.62020232021142,-119.00659756982611,0.5371084840724134
125,-80.51388115794859,-117.6534083262001,0.5344229416520513
126,-144.02416369986304,-117.25448641475758,0.531750826943791
127,-95.50997351665306,-116.77560321784223,0.5290920728090721
128,42.58258838251197,-111.44034287540758,0.5264466124450268
129,-14.16697903362963,-109.43198804868715,0.5238143793828016
130,-40.32704528961135,-106.36096743174078,0.5211953074858876
131,-161.68155191568513,-106.87038190943105,0.5185893309484582
132,-130.52422971436118,-106.97240186566383,0.5159963842937159
133,-18.786727903747092,-106.08429953794135,0.5134164023722473
134,-17.721355473443452,-104.05153265818322,0.510849320360386
135,-125.74863778792292,-104.57169898580884,0.5082950737585841
136,-17.941176022391616,-103.67264081339387,0.5057535983897912
137,-2.7519935913113898,-102.54881640459539,0.5032248303978422
138,-41.812231900986575,-100.22837209204864,0.500708706245853
139,-115.52154926999062,-99.21225445141786,0.4982051627146237
140,-32.65207921313494,-98.12180829774269,0.49571413690105054
141,-281.00219327147954,-99.71316668600107,0.4932355662165453
142,-35.288596063776254,-98.29862075080264,0.4907693883854626
143,-2.1560156702175255,-97.17326141605385,0.4883155414435353
144,-50.18619385245613,-95.74286349753316,0.4858739637363176
145,-37.18261072578473,-95.51789566440307,0.483444593917636
146,-131.80979953911384,-95.50612182440116,0.4810273709480478
147,-270.8731774044993,-96.17411796727355,0.47862223409330756
148,-20.45586417073953,-95.59833008357244,0.47622912292284103
149,34.75887440621523,-92.11279334338761,0.4738479773082268
150,5.848021614024248,-90.72287316812974,0.47147873742168567
151,-150.93797200455526,-90.59698129307894,0.46912134373457726
152,-38.860121798838065,-89.14143840081096,0.46677573701590436
153,-41.31848984316062,-88.47319292580163,0.46444185833082485
154,-80.28789149174659,-88.01776008309272,0.46211964903917074
155,28.620290929327638,-86.85230701853351,0.4598090507939749
156,-275.35777049659555,-87.862213427311,0.457510005540005
157,-7.026122687869403,-86.98820364785523,0.45522245551230495
158,-106.64182376037031,-87.06749701467618,0.4529463432347434
159,-2.059501884095951,-86.08924045361549,0.4506816115185697
160,-51.30193220727826,-84.42885453982608,0.4484282034609769
161,4.410425419430894,-84.51400254902136,0.446186062443672
162,-55.74729054842277,-83.89647518297014,0.4439551321314536
163,17.145049295608032,-82.34684418885608,0.4417353564707963
164,-292.3255280973848,-83.93448471284592,0.43952667968844233
165,-282.78437833917053,-85.49784845179896,0.43732904629000013
166,6.380441750381493,-83.51270491213765,0.4351424010585501
167,9.66439066212827,-80.41757591042033,0.43296668905325736
168,-221.29352869643543,-82.08266783685647,0.43080185560799106
169,3.5609654127677004,-80.65056975277972,0.4286478463299511
170,-13.10241074328323,-79.99102926741244,0.42650460709830135
171,-27.15096276407141,-79.54719576918782,0.42437208406280985
172,-2.259743708378319,-78.39022965567511,0.4222502236424958
173,3.9192413709991367,-77.27738018749024,0.42013897252428334
174,41.273989455024655,-76.17135577617834,0.4180382776616619
175,-163.1101991673603,-77.58742080555322,0.4159480862733536
176,-17.1205264922491,-76.68194853827531,0.41386834584198684
177,-50.29715419408706,-76.3855072059116,0.4117990041127769
178,34.61318799455182,-74.00367976033925,0.40974000909221303
179,-18.422781252100435,-72.97499643264277,0.40769130904675194
180,-252.96084571217443,-75.13101219904442,0.40565285250151817
181,-2.611479570601273,-73.85999091887453,0.4036245882390106
182,-51.79856531175541,-73.83967334318268,0.4016064652978155
183,-28.365677126953898,-73.80827134904337,0.3995984329713264
184,-22.82197243302626,-74.15290779137717,0.3976004408064698
185,-13.381587423040898,-73.35493710026837,0.39561243860243744
186,-27.751291312643886,-72.66046222293835,0.3936343764094253
187,-64.22891373510966,-72.21637269538398,0.39166620452737816
188,-0.22250014393137008,-71.79799265095411,0.3897078735047413
189,-24.291576629833287,-71.41857299968609,0.3877593341372176
190,5.971574323715914,-70.94715379174569,0.3858205374665315
191,-194.80091236654047,-71.78104898402074,0.38389143477919885
192,-28.26559356560888,-71.28469737698681,0.3819719776053028
193,-27.47394392897245,-69.63797078015567,0.3800621177172763
194,-161.5787807952344,-70.48987257779119,0.37816180712868996
195,-8.987373081577092,-69.49508574284873,0.37627099809304654
196,42.162078587438174,-68.53756270253216,0.3743896431025813
197,9.288676096892175,-67.70818894931344,0.37251769488706843
198,66.85232484729626,-65.13241792849227,0.3706551064126331
199,-139.44208674333848,-65.43821591528287,0.36880183088056995
200,-62.38749057583509,-65.48394255302159,0.3669578217261671
201,12.211747107705753,-63.719166148032315,0.36512303261753626
202,-27.487514270770355,-63.61173415458341,0.3632974174544486
203,-35.24744760520443,-63.17451325927569,0.3614809303671764
204,-65.32319605699635,-63.256552513085964,0.3596735257153405
205,-58.85924367594144,-63.37336364342261,0.3578751580867638
206,-28.79361788153976,-63.16504403673703,0.35608578229633
207,-7.190387369611244,-61.98666095286776,0.3543053533848483
208,11.818241789264391,-59.75699801537605,0.35253382661792404
209,17.3693760923262,-59.33164718837432,0.3507711574848344
210,-48.47667766806861,-58.486864787734184,0.34901730169741024
211,7.7881295664755426,-57.91922652750497,0.3472722151889232
212,-46.67054364121756,-58.37670094574918,0.3455358541129786
213,-11.197932849574617,-57.82706170683675,0.3438081748424137
214,-111.82977132202777,-58.55669175308146,0.3420891339682016
215,-28.81356708953268,-57.80036130465978,0.3403786882983606
216,-17.02634374517044,-57.5051247766135,0.3386767948568688
217,-224.90016414952214,-59.30502981897958,0.33698341088258443
218,-63.93703777597402,-59.31107222689849,0.3352984938281715
219,-19.624474306813415,-57.71060116935037,0.33362200135903064
220,9.514949481839308,-55.45173402149171,0.33195389135223546
221,8.839327066692018,-54.70432601362875,0.3302941218954743
222,-31.47067757495734,-54.073182813014235,0.32864265128599696
223,-90.68575867027748,-54.419754131431716,0.326999438029567
224,-32.21622227059686,-54.02571433093557,0.3253644408394192
225,-36.774375667636626,-53.58831927603245,0.3237376186352221
226,-189.0556238855645,-54.03863387788946,0.322118930542046
227,-37.87651983052555,-53.46229934102819,0.32050833588933575
228,-118.53532140176925,-55.07347843887101,0.31890579420988907
229,16.29759212235572,-54.76883272731116,0.3173112652388396
230,2.8220299178940067,-54.33734197523611,0.3157247089126454
231,-44.78777950211455,-53.16840425110041,0.3141460853680822
232,-39.232660886887246,-52.25548856282566,0.3125753549412418
233,-40.05204066079987,-52.468141690396195,0.31101247816653554
234,-183.40253224148097,-54.12495345807657,0.30945741577570285
235,-44.12059976379201,-53.30867307783526,0.3079101286968243
236,-15.063060835388816,-53.27989192596523,0.3063705780533402
237,-78.19100018221049,-54.03428199187422,0.30483872516307353
238,15.818510609181603,-53.457974566772535,0.3033145315372582
239,-12.792663917315835,-52.430685713245786,0.3017979588795719
240,30.229371089527366,-51.80187121021917,0.30028896908517405
241,-103.24873501109289,-50.024336627615305,0.2987875242397482
242,-20.76540021000833,-49.87910466907761,0.29729358661854943
243,-1.6394646661787826,-49.87393915903722,0.29580711868545667
244,-75.93162472112132,-50.131393467723875,0.2943280830920294
245,27.742586728539727,-49.48214149318063,0.29285644267656924
246,35.54373292229185,-47.80860616856657,0.2913921604631864
247,-189.04784089635422,-46.99035280348512,0.28993519966087045
248,-64.61672848531485,-47.431961446630865,0.2884855236625661
249,-52.05913968448902,-48.30014158753792,0.28704309604425327
250,-8.321754955956452,-48.44183935323774,0.285607880564032
251,-78.44517685127457,-47.71691140170492,0.28417984116121187
252,-37.369687253924226,-47.70200705625579,0.2827589419554058
253,-64.91323084435443,-47.93795446626771,0.28134514724562876
254,-10.24154043321391,-47.23749095568239,0.2799384215094006
255,-56.79692874194707,-48.09166315239514,0.27853872940185365
256,-132.64804116060205,-46.66456585903521,0.27714603575484437
257,-14.079640536107053,-46.73510103751758,0.2757603055760701
258,-52.49644495376311,-46.193647249451516,0.2743815040481898
259,-77.94860813919337,-46.95253831200249,0.2730095965279488
260,-118.94267709507344,-47.628945760880434,0.27164454854530906
261,52.3778145417518,-47.14927186965722,0.2702863258025825
262,-14.175412333523157,-46.73355308750823,0.2689348941735696
263,-13.285914713086498,-47.037862727595176,0.26759021970270175
264,-75.5020369067202,-44.86962781568854,0.2662522686041882
265,-107.22997942958037,-43.11408382659263,0.2649210072611673
266,-9.491481688232973,-43.272803060978774,0.26359640222486147
267,-192.94868106616482,-45.298933778261706,0.26227842021373715
268,-1.801543754241153,-43.104013928839755,0.2609670281126685
269,11.368532772534989,-43.02593825524208,0.25966219297210513
270,-3.3171288876777334,-42.928085436686025,0.2583638820072446
271,-50.225451108262725,-43.15883032012793,0.2570720625972084
272,-52.19123182712314,-43.65814520131539,0.25578670228422234
273,-76.34773129199229,-44.460814927945314,0.25450776877280124
274,3.9901284813651268,-44.833653537681904,0.2532352299289372
275,-114.71450978031719,-44.34969664381147,0.2519690537792925
276,-20.361372190104134,-44.382105100790014,0.2507092085103961
277,101.8483539823613,-42.860650019025535,0.2494556624678441
278,-82.14700581785065,-44.02825195714957,0.24820838415550486
279,-35.01572081972109,-44.19418135282578,0.24696734223472733
280,-72.46634638308271,-42.38923635953486,0.2457325055235537
281,-93.7742939431488,-43.30086450326034,0.24450384299593592
282,13.569129720653102,-42.64718755293626,0.24328132378095624
283,124.23490469244784,-41.12118173474223,0.24206491716205145
284,-33.754073336547236,-41.23050274377745,0.2408545925762412
285,-10.955429614424098,-41.206241165691274,0.23965031961336
286,-49.997308441127416,-41.42870133697612,0.2384520680152932
287,-35.95734136476173,-41.145985613272636,0.23725980767521673
288,-187.7755780374157,-43.02151639220747,0.23607350863684065
289,-32.32951463707157,-43.10189577227986,0.23489314109365644
290,210.65279077427425,-41.05508360777428,0.23371867538818816
291,62.76201425368155,-38.47945434157206,0.23255008201124722
292,71.1473607431177,-37.48532479848479,0.231387331601191
293,-45.10745373607293,-37.66165989655578,0.23023039494318503
294,169.4500983577082,-34.35137110502637,0.2290792429684691
295,-95.04756900976372,-35.21197306430823,0.22793384675362674
296,9.009263368752931,-35.54350121649509,0.22679417751985861
297,1.4752692182539922,-35.62163528528146,0.22566020663225933
298,-24.271495465769437,-36.53287348841212,0.22453190559909803
299,-9.179354478411259,-35.23024616576285,0.22340924607110255
300,157.32499952936513,-33.03312126471085,0.22229219984074702
301,15.441266765321227,-33.000826068134685,0.2211807388415433
302,-34.359467923604484,-33.069545604663034,0.22007483514733558
303,-9.127964460952448,-32.80835077322051,0.2189744609715989
304,34.099489705936485,-31.814123915591182,0.2178795886667409
305,24.725877238112513,-30.97827270645065,0.2167901907234072
306,-95.93781134707108,-31.649714641105966,0.21570623976979014
307,-67.64629540539393,-32.25427372146379,0.21462770857094118
308,-197.2757499770941,-34.34521363912737,0.21355457002808648
309,-4.087007056292833,-34.55977747061356,0.21248679717794605
310,-75.63324393997411,-34.831343133332616,0.21142436319205632
311,-55.37577348564251,-35.462982163853795,0.21036724137609603
312,200.64028082803853,-32.989873919161234,0.20931540516921554
313,33.43015045251384,-32.54359308614035,0.20826882814336947
314,-86.52299642861001,-32.29052533720617,0.20722748400265262
315,116.10797164383769,-30.84130994987247,0.20619134658263935
316,-44.333796103476196,-31.11438447345553,0.20516038984972615
317,74.84344167601864,-28.116948415200117,0.2041345879004775
318,31.52779355428378,-27.162300101897543,0.2031139149609751
319,-257.2004984509884,-29.538060343339293,0.20209834538617025
320,-36.0675181564488,-29.993885019722175,0.2010878536592394
321,-69.54959045732016,-30.777774194962305,0.2000824143909432
322,-63.53514710528966,-31.098418890265616,0.19908200231898848
323,205.03817672711892,-28.141179536291656,0.19808659230739353
324,-69.78375913189281,-28.516854904904612,0.19709615934585656
325,46.71223897354828,-27.681988758492768,0.19611067854912728
326,-242.93448947291097,-28.22077741436624,0.19513012515638165
327,33.55200455020813,-27.5064921705589,0.19415447453059972
328,-21.227654641598818,-26.53341550295719,0.19318370215794672
329,-69.20241748860596,-27.388415599066807,0.192217783647157
330,105.98967243269475,-26.3567391739188,0.1912566947289212
331,210.70886266952166,-23.80177275220244,0.1903004112552766
332,109.2502276029104,-22.31694386730446,0.18934890919900021
333,130.72262250633614,-20.6091972356331,0.18840216465300522
334,34.092177653521404,-18.43425013668307,0.18746015382974018
335,-130.94650935080554,-19.30250923255321,0.1865228530605915
336,-97.15079767194607,-20.123386600918778,0.18559023879528855
337,149.15540484436724,-17.849922550653,0.1846622876013121
338,-80.0278794880936,-18.808386451625754,0.18373897616330553
339,122.68028651939194,-17.453656947258672,0.182820281282489
340,4.187432214170592,-17.714076336012244,0.18190617987607657
341,13.074929439793713,-16.550839691503377,0.18099664897669618
342,-13.10495397738968,-16.47423522917719,0.1800916657318127
343,-123.46413220283941,-17.6924819045438,0.17919120740315364
344,205.16824617053732,-14.881483195627213,0.17829525136613786
345,34.16794960936642,-14.817229566818945,0.17740377510930716
346,40.32321347040044,-14.76943476133786,0.17651675623376062
347,36.040133423525276,-12.518555018139066,0.1756341724525918
348,-105.36499872996158,-12.926037720585533,0.17475600159032884
349,226.26368891788835,-10.142809434561759,0.17388222158237718
350,7.2631052466291806,-9.986960832535901,0.1730128104744653
351,158.01953913881948,-7.622313672634962,0.17214774642209296
352,32.411056415082406,-6.924506235944898,0.1712870076899825
353,99.01670078770131,-5.285206919624337,0.17043057265153258
354,21.838799871668265,-4.9644035165755165,0.16957841978827493
355,112.90688979901799,-3.2673653311658666,0.16873052768933355
356,18.40482781169682,-1.75683664144288,0.1678868750508869
357,-50.90725347107566,-2.1251127707925654,0.16704744067563246
358,-31.50808746958702,-1.915229195950805,0.1662122034722543
359,2.260290175810148,-1.1131402128007695,0.16538114245489302
360,1.632484043235366,0.09261139858231797,0.16455423674261854
361,5.683714726039577,-0.37432959957480394,0.16373146555890544
362,-23.349090866326254,-0.4660663849028354,0.16291280823111093
363,-98.5748191112995,-1.3189554288849648,0.16209824418995536
364,10.260658749942671,-0.4613284723183352,0.16128775296900558
365,17.25049869781291,0.7834763089555976,0.16048131420416054
366,81.15000940428679,1.689891219880795,0.15967890763313974
367,31.188465073639343,3.931262681278838,0.15888051309497406
368,174.67703482978305,5.6960484671190805,0.1580861105294992
369,-29.76439134587507,5.284719225934979,0.1572956799768517
370,-63.632961582210726,4.681560898989652,0.15650920157696743
371,54.253851269944384,5.726353922771721,0.1557266555690826
372,56.89957906549799,6.817262031697932,0.1549480222912372
373,29.534791358472123,7.876087258202573,0.15417328217978102
374,191.87785262198418,9.754964499608766,0.1534024157688821
375,24.506923122487486,11.147178828636816,0.1526354036900377
376,55.84497009337174,11.909242251471571,0.1518722266715875
377,71.31798615314304,11.60393857317939,0.15111286553822956
378,-53.205691646709475,11.8933517148908,0.15035730121053842
379,151.77613407180962,13.761270263806109,0.14960551470448571
380,62.340322281963736,15.109336950456573,0.14885748713096328
381,183.9451824061466,17.886531713949527,0.14811319969530845
382,-80.21933914568513,16.948647025286146,0.1473726336968319
383,129.51245853102589,17.001422563671923,0.14663577052834775
384,-74.31620257208333,16.595801271316564,0.14590259167570602
385,216.7880827580534,18.87323639504134,0.1451730787173275
386,246.22917884492108,21.835501267901826,0.14444721332374086
387,167.2998903902571,23.868073585452013,0.14372497725712216
388,-27.169815521257053,25.4741312106136,0.14300635237083656
389,252.89968668066103,28.326423223790925,0.14229132060898236
390,-110.24799823764933,25.117415333671687,0.14157986400593744
391,149.4933601929657,25.984728793064527,0.14087196468590776
392,7.282149660243903,25.34607668223579,0.14016760486247823
393,-79.2657446910313,25.004493772686207,0.13946676683816583
394,98.0561929257149,24.29055471836628,0.138769433003975
395,108.64822775709617,26.327512686034876,0.13807558583895513
396,199.690953026988,28.234329582617228,0.13738520790976036
397,183.6195109215688,30.05577199965038,0.13669828187021155
398,29.210836148665848,30.590595315794726,0.13601479046086049
399,229.35897407129033,32.97597860129174,0.1353347165085562
400,5.275336927072431,31.455481975268814,0.1346580429260134
401,152.6397488873729,32.82746679648933,0.13398475271138335
402,-145.66415778445588,31.714419897880816,0.13331482894782642
403,-10.469803994960373,31.701001502540734,0.13264825480308728
404,-108.83678923481442,30.27163871313323,0.13198501352907185
405,209.78764798795936,32.1222564206317,0.1313250884614265
406,144.97911086182916,34.5314256427207,0.13066846301911936
407,84.45365201531905,36.052425116927836,0.13001512070402377
408,152.79936848496942,39.55317630154847,0.12936504510050365
409,-31.54621758454735,39.278584196265925,0.12871821987500112
410,108.70807874126704,41.12199742307834,0.12807462877562611
411,-94.57014862510272,40.730053671683734,0.12743425563174798
412,-180.5743081124745,36.917907782278604,0.12679708435358925
413,-56.883925759887845,36.01476702015458,0.1261630989318213
414,6.785876484390059,36.94785574928458,0.1255322834371622
415,233.49492508253695,38.12172528367157,0.12490462201997637
416,257.76546955003124,41.14271794020665,0.1242800989098765
417,60.97961801242997,41.00407970357077,0.12365869841532712
418,-53.10927777175652,40.15770899031037,0.12304040492325048
419,200.5941891200552,44.73565586602081,0.12242520289863423
420,170.0113338781934,46.79644438636722,0.12181307688414106
421,194.03527212676184,49.432293012208035,0.12120401149972035
422,-49.02328401419042,49.57741164311902,0.12059799144222175
423,216.54966920325273,49.69252656788037,0.11999500148501063
424,-116.23430370915085,49.22802112210779,0.11939502647758558
425,-65.31214992133586,48.10777723315895,0.11879805134519765
426,33.29238129454748,50.870045940833535,0.11820406108847166
427,162.97976419861195,52.16432353731757,0.1176130407830293
428,-72.47022086535677,51.65189787507998,0.11702497557911415
429,-45.996833615264464,51.8839537138134,0.11643985070121858
430,20.08379651999941,51.02489495468645,0.11585765144771248
431,-31.410332123362256,48.60370300675761,0.11527836319047392
432,-19.902987120103873,47.31217085952748,0.11470197137452155
433,193.01284742163523,47.93507310868047,0.11412846151764894
434,-83.29143871433499,46.761236945001905,0.1135578192100607
435,13.445265090885101,48.20515468941881,0.11299003011401039
436,126.92636532988946,50.44592631943717,0.11242507996344034
437,3.3439636254998506,48.9878119072485,0.11186295456362313
438,156.45366814201128,51.35262738354953,0.11130363979080501
439,190.7355296444951,52.03317981480057,0.11074712159185099
440,-47.7858985312376,51.51344650734648,0.11019338598389174
441,22.391960675190404,51.60661681970045,0.10964241905397228
442,212.61485390904647,53.863814898564804,0.10909420695870241
443,160.38728912603324,56.702329111853544,0.1085487359239089
444,259.3947444954893,57.244594095103054,0.10800599224428936
445,-11.216345315843085,56.79075114585096,0.10746596228306791
446,268.62419260563377,59.073760937203296,0.10692863247165257
447,242.5675618634959,61.139035221602995,0.1063939893092943
448,-88.40242724639444,61.30866093643867,0.10586201936274783
449,-26.384072569510067,58.78218332156469,0.10533270926593409
450,127.67622572846102,59.986314526383005,0.10480604571960442
451,264.4065101324941,61.05018423631976,0.1042820154910064
452,196.35111344960438,62.68958480666498,0.10376060541355137
453,-37.634100116368856,61.323076797624275,0.1032418023864836
454,-50.50407560204018,60.599648042887196,0.10272559337455119
455,-35.13793430062686,59.119199801890744,0.10221196540767843
456,-119.26705312427366,57.742480992531036,0.10170090558064004
457,232.22809848085686,60.57383451205036,0.10119240105273684
458,-206.26831157094014,58.826232271036815,0.10068643904747315
459,233.11647890202724,61.134794158299,0.10018300685223579
460,82.49775808050983,61.943446898671745,0.0996820918179746
461,1.9020468090036615,61.90563021950138,0.09918368135888474
462,5.31740116131228,62.19229513977777,0.09868776295209031
463,180.05856989673032,64.97862902985807,0.09819432413732986
464,161.22079294712995,66.48823037182994,0.09770335251664321
465,-30.51731715523871,66.01055221329942,0.09721483575406
466,135.31457175618246,66.55219783681838,0.09672876157528969
467,185.13949156560128,68.091708101738,0.09624511776741324
468,-9.624059271341778,66.24869716072675,0.09576389217857617
469,2.2400024510562826,66.56874109869607,0.09528507271768329
470,-78.46680238306375,66.42040269068754,0.09480864735409487
471,21.76607073713364,66.09552488535942,0.0943346041173244
472,179.07994411920228,67.31732853589646,0.09386293109673778
473,-70.77577085879288,66.31422291372381,0.09339361644125409
474,113.03590473057055,65.52580343480967,0.09292664835904782
475,216.5038050232397,67.4457722538172,0.09246201511725258
476,61.93582765365207,67.50668082942,0.09199970504166631
477,185.75755311268443,68.6510764990154,0.09153970651645797
478,66.58934162927477,69.84902683177525,0.09108200798387568
479,-29.216156524831334,68.03910392580885,0.0906265979439563
480,181.12332232668666,69.22693392625607,0.09017346495423652
481,-71.28704179169436,66.67461168427766,0.08972259762946533
482,207.9254266715446,69.55605934244996,0.089273984641318
483,164.87414453127354,69.90967620245243,0.0888276147181114
484,152.80168234342273,72.1808550516075,0.08838347664452084
485,176.8322880485639,71.78129710451262,0.08794155926129824
486,13.379731948693856,69.45280263555034,0.08750185146499175
487,167.62699290217898,69.45607366066956,0.08706434220766679
488,167.4409923304674,71.4021817391868,0.08662902049662846
489,214.99716166537144,71.02315648903391,0.08619587539414532
490,-54.005672783800854,71.5855797435724,0.08576489601717459
491,144.97450561688945,71.54039119781163,0.08533607153708872
492,80.04993239200878,72.26806902512926,0.08490939117940327
493,237.0513754289525,75.43124022632911,0.08448484422350626
494,175.10434450229326,76.20172174209489,0.08406242000238873
495,-72.507039150918,74.39016907301475,0.08364210790237678
496,176.85400000778526,74.16179954282273,0.0832238973628649
497,239.22092216657853,74.71781365527283,0.08280777787605056
498,-31.38460626865202,74.11185923109966,0.08239373898667031
499,184.73351450594888,73.66560463544624,0.08198177029173696
500,171.05377266841117,75.32338899285963,0.08157186144027828
501,163.3954621381667,75.43094612536757,0.0811640021330769
502,228.39284184402246,79.17151612165235,0.08075818212241151
503,6.982675203212421,79.34604091363408,0.08035439121179945
504,-26.319513969518475,80.17121366628704,0.07995261925574046
505,237.18375144955257,80.44517470090298,0.07955285615946175
506,-42.029177471168765,78.575091817573,0.07915509187866444
507,267.56843114788387,80.40623960889864,0.07875931641927113
508,216.04982863176087,81.03874421036654,0.07836551983717477
509,240.4236328718021,83.75844271493004,0.07797369223798889
510,48.87346242436159,83.16009655176099,0.07758382377679894
511,-56.760257984566174,83.53819545816634,0.07719590465791494
512,228.90785658464952,87.63301710513761,0.07680992513462537
513,-99.89423751816535,87.20291398755482,0.07642587550895225
514,252.75485062787646,89.6626037289897,0.07604374613140748
515,-28.433601764235462,87.04331846052195,0.07566352740075044
516,182.99419363369094,86.29560570135857,0.07528520976374668
517,-38.791323750336794,85.29789628373088,0.07490878371492794
518,121.49421533077675,87.04393121475621,0.0745342397963533
519,155.0020945624488,86.58801026918016,0.07416156859737154
520,243.7561755120515,87.32545868551875,0.07379076075438468
521,12.692883968911898,85.51203480394024,0.07342180695061275
522,-46.41390127440375,85.53812863133811,0.07305469791585968
523,213.03592607316813,85.50299120003724,0.07268942442628039
524,-44.59796882667704,86.21935454886201,0.07232597730414898
525,163.83224857395956,88.51079853381496,0.07196434741762824
526,149.44880387388434,89.67236275960832,0.0716045256805401
527,208.8598506296301,90.1311636239185,0.0712465030521374
528,-29.96887596579451,90.55617707291411,0.0708902705368767
529,-67.13798114543242,90.34476559761244,0.07053581918419231
530,-40.43719786536664,89.73955565375879,0.07018314008827135
531,177.50127539919248,91.82867172898433,0.06983222438783
532,205.96294594510607,94.08733105963644,0.06948306326589085
533,-66.6502764400739,91.49069982101933,0.0691356479495614
534,-80.02733264660058,91.52334088169668,0.06878996970981359
535,162.8874826174816,93.01776305696265,0.06844601986126451
536,-78.01151981236382,90.96838420554009,0.06810378976195819
537,-42.28554450235964,90.51208912426151,0.0677632708131484
538,-51.927730898692325,88.42827513385447,0.06742445445908266
539,-30.59592676814509,86.21496056972808,0.06708733218678724
540,-39.29054091872936,86.29991414585317,0.0667518955258533
541,197.25805756445027,88.04857511474574,0.06641813604822402
542,211.15303378196225,88.03395691347492,0.0660860453679829
543,-78.27088859862029,85.6473751362284,0.06575561514114299
544,228.34142422302094,85.33684193350373,0.06542683706543727
545,159.89950292256344,87.0480004158878,0.06509970288011008
546,-131.59291699752163,83.04582931985622,0.06477420436570952
547,-83.00555939015644,79.79009810731971,0.06445033334388098
548,141.83322473513365,82.092454627135,0.06412808167716157
549,245.81308868784794,84.81442623970857,0.06380744126877576
550,-60.32702898408977,82.93439369258306,0.06348840406243188
551,114.30855629701631,81.43341415422827,0.06317096204211972
552,-57.39065775201469,78.8959964422121,0.06285510723190912
553,155.01426617372627,80.82248010511303,0.06254083169574957
554,226.07594880212773,83.58828034915472,0.062228127537270826
555,230.88022158735072,86.2484619080345,0.06191698689958447
556,188.91694084848893,89.33030184776213,0.061607401965086545
557,-22.091274231979014,86.78710812063375,0.06129936495526111
558,249.3794870598546,91.34358610694167,0.0609928681304848
559,-69.88393556352065,88.31358196228621,0.060687903789832374
560,9.962120055141625,87.58822558203252,0.06038446427088321
561,175.42225476732318,89.32342766161571,0.06008254194952879
562,-38.97912362530226,88.88046241374957,0.05978212923978115
563,212.52160299903,89.20509274477257,0.05948321859358224
564,219.4769369580729,89.78765418488202,0.05918580250061433
565,-101.24010524108681,89.08042630402355,0.058889873488111255
566,187.49204214344522,89.60220100789618,0.058595424120670696
567,199.86562193195493,89.74946231155971,0.05830244700006734
568,-40.00652721658941,89.44563763210722,0.058010934765067
569,75.86688121182833,90.18190641971495,0.05772088009124167
570,-27.882766502253133,90.68774677852304,0.05743227569078546
571,81.02164761625058,91.28030254731422,0.05714511431233153
572,-26.99637807713265,89.2195393253509,0.05685938874076987
573,-34.28539407636725,89.58444309317514,0.056575091797066025
574,-69.2207268623719,87.76187677724573,0.056292216338080694
575,-83.1302754231881,84.76553597278144,0.05601075525639029
576,-52.52191467106347,83.62095854953428,0.05573070148010834
577,-21.260078008064724,81.55078223832679,0.0554520479727078
578,243.08498127413753,83.31573863477541,0.05517478773284426
579,228.94710288996154,85.8973712289233,0.05489891379418004
580,-53.99101282401317,83.54622787741631,0.05462441922520914
581,-69.0270998717789,83.56882729661547,0.0543512971290831
582,165.00378777455893,83.13961090764562,0.05407954064343768
583,257.14395079664854,84.06230897029938,0.05380914294022049
584,-53.982699782098514,81.99446514904417,0.05354009722551939
585,252.79294304700827,82.75407169902863,0.05327239673939179
586,-70.69220786063288,81.91335230093534,0.053006034755694834
587,196.6654713105493,82.20373708501906,0.052741004581916356
588,249.94236875705235,83.0287508492849,0.052477299559006776
589,-181.96163923204023,79.05916284031078,0.052214913061211746
590,164.2528845172261,81.24174841332106,0.05195383849590569
591,227.99804465208803,82.07198380367305,0.05169406930342616
592,200.52492731750164,83.27673375292798,0.05143559895690903
593,197.2010833649129,82.87823083228757,0.051178420962124486
594,226.39473445613095,83.39113473182596,0.05092252885731386
595,132.57813888544194,85.44198651218953,0.05066791621302729
596,-106.33148577982006,82.61013165431348,0.05041457663196215
597,11.319162503741808,80.33111405768513,0.050162503748802344
598,246.31366192402172,83.10809673961187,0.049911691230058335
599,-100.86467315942701,80.25211486295808,0.04966213277390804
600,-59.23323386855855,77.94924479758839,0.0494138221100385
601,86.89425645099756,77.18423274071671,0.04916675299948831
602,259.873720232856,77.49904152460506,0.04892091923449087
603,278.61485953057274,80.21536336787867,0.04867631463831842
604,198.599763568762,82.46455614326148,0.048432933065126825
605,169.46166263936988,81.78733525515963,0.048190768399801194
606,-89.04144990289038,81.31721253084243,0.04794981455780219
607,-97.41140176882578,77.66741420167531,0.04771006548501318
608,-109.72616749023813,74.40965424045532,0.047471515157588115
609,205.73391877822422,74.06275709951954,0.047234157581800176
610,240.80844289337725,75.9821069042097,0.046997986793891174
611,-184.85567984931058,74.70115268556226,0.04676299685992172
612,141.66788720287923,73.82875299174455,0.04652918187562211
613,12.422402322035978,74.95191939014657,0.046296535966244
614,-54.386563739585156,71.88050524647196,0.046065053286412784
615,-65.77596781113374,71.50708158600298,0.04583472801998072
616,272.42658096560774,72.40140545932215,0.045605554379880814
617,229.22466121849936,75.08156530901051,0.04537752660798141
618,183.07757638829924,75.69739891958574,0.0451506389749415
619,205.8172097602045,76.20555007156328,0.044924885780066794
620,117.86957826538057,74.94668409909656,0.04470026135116646
621,244.19016102693683,77.26165686967681,0.04447676004441063
622,-48.996916336954605,77.23582671905132,0.04425437624418858
623,219.5828571940686,77.30129603026032,0.04403310436296763
624,237.18796502176275,80.11915536874473,0.043812938841152796
625,-295.535778704745,75.52547509595767,0.04359387414694703
626,236.7611662324704,76.39859871954353,0.043375904776212296
627,178.50088060959365,76.09500901934317,0.043159025252331236
628,188.97954401805694,78.2844932191817,0.04294323012606958
629,244.00704109578902,81.3959434415939,0.04272851397543923
630,226.33583237272705,84.06367374397483,0.04251487140556204
631,244.07566744605828,84.72941766444352,0.04230229704853423
632,-86.64216172324731,81.80336658775997,0.04209078556329156
633,237.8620624420597,84.84848997658129,0.0418803316354751
634,-346.96026346574104,82.1791606683899,0.041670929977297724
635,206.3739070747317,82.61402491296239,0.04146257532741124
636,183.78988050055892,85.23203891609162,0.04125526245077418
637,-0.6203705936302129,85.64869065517891,0.04104898613852031
638,264.5007299212185,88.81297526337805,0.04084374120782771
639,211.90876511577125,91.23802218221721,0.04063952250178857
640,-80.63358154423182,90.82459177596216,0.04043632488927963
641,-90.81272464543139,87.94388395386333,0.04023414326483323
642,288.19701023611447,88.71432371840487,0.040032972548509065
643,160.4176488644802,91.10120909303585,0.03983280768576652
644,218.29528603012105,91.00074771110688,0.03963364364733769
645,-44.90688034405319,88.9526838784407,0.039435475429100995
646,241.77863570650047,92.68639940548093,0.03923829805195549
647,210.5529582841671,95.62198458222414,0.03904210656169572
648,-34.48300557747348,93.85882227909809,0.03884689602888724
649,208.47792059901468,93.48547059820976,0.0386526615487428
650,203.16820391697462,96.1204229272204,0.03845939824099909
651,230.41552259137634,97.28149259016402,0.03826710124979409
652,-45.408720145009205,97.40131196623406,0.038075765743545126
653,215.46172205670447,98.00578652506387,0.0378853869148274
654,228.0563832105164,98.02559086914772,0.03769595998025326
655,-69.89568776405864,95.01783177563362,0.03750748018035199
656,234.64960468666757,95.47515841401541,0.037319942779450235
657,230.56328759656094,98.00170403230081,0.037133343065552986
658,278.1903583169815,98.28981274487207,0.03694767635022522
659,237.761665181096,101.36626875231825,0.036762937968474095
660,-80.14473584929539,100.46520019327389,0.03657912327863173
661,154.54485497098696,100.25642619531052,0.036396227662238566
662,245.86368981048784,103.10485432966843,0.03621424652392737
663,190.4008209178487,102.8836465088566,0.036033175291307735
664,-44.628842069827044,100.24258871857761,0.03585300941485119
665,211.63902289119255,103.3713799999004,0.035673744367776934
666,204.35434876360827,103.54000306610203,0.03549537564593805
667,208.98915259346077,103.63123837271709,0.035317898767708356
668,191.10331140955518,105.94233675897854,0.03514130927386981
669,217.00641053545075,107.35373205221475,0.03496560272750046
670,167.3830985389462,109.30639070262676,0.03479077471386296
671,181.97487607773968,110.31592298724165,0.03461682084029365
672,222.53507233542487,112.81123749136721,0.034443736736092176
673,-16.575011975369307,112.9883413123772,0.034271518052411715
674,229.64826500811324,115.97703123108204,0.034100160462149656
675,248.2189564428364,119.29052354974229,0.03392965965983891
676,169.35528122536437,121.50929550870659,0.033760011361539714
677,-96.1173751880855,120.76072253690636,0.03359121130473201
678,219.77108830710003,120.527583607236,0.033423255248208356
679,235.68237693973055,120.59493634773368,0.03325613897196732
680,-64.93255535681485,120.48552092240567,0.03308985827710748
681,103.66239729816752,122.21241589410512,0.032924408985721944
682,223.6224961298525,122.79860297765806,0.03275978694079333
683,-52.925145410364074,119.69791201558793,0.032595988006089364
684,-108.74541342878175,119.1502848791211,0.032433008066058915
685,204.49300601928167,118.66728550884383,0.03227084302572862
686,55.558140440780235,119.92978899185799,0.032109488810599975
687,-51.503293496228,117.4481013437902,0.031948941366546975
688,-57.00007106864696,114.3786769455332,0.03178919665971424
689,223.47335804772752,118.43302691833088,0.03163025067641567
690,97.97197842131015,117.77021785737173,0.03147209942303359
691,227.9561198101025,117.76979860895186,0.03131473892591842
692,158.17249701254283,117.34627430590228,0.031158165231288826
693,240.08326348886246,117.77509610714178,0.03100237440513238
694,246.43448297025864,117.97549359228306,0.030847362533106718
695,-49.40819887420888,116.15563021468655,0.030693125720441184
696,144.99030201368203,118.66884809262156,0.030539660091838977
697,-60.417044433807206,117.95148602324608,0.03038696179137978
698,199.01068813401042,117.47845628534597,0.030235026982422884
699,-43.89880981510863,118.04811491878914,0.030083851847510768
700,-103.92985973568287,117.60114866011789,0.029933432588273214
701,-67.08717337102358,116.06133436189769,0.029783765425331846
702,199.73533603871502,115.45995051995628,0.029634846598205186
703,238.71552149661474,115.06095713961672,0.02948667236521416
704,245.6053197449823,115.53101270137891,0.029339239003388088
705,-68.43278511400902,113.1520682238451,0.029192542808371146
706,-56.51591156328241,113.47732360724117,0.02904658009432929
707,-54.45750033429682,113.90686262158648,0.028901347193857643
708,222.1304596071467,117.22542889256032,0.028756840457888354
709,247.78221706052034,117.64591187538328,0.02861305625559891
710,191.73215116613002,117.15514895811083,0.028469990974320916
711,217.35116160141393,121.17721737261807,0.02832764101944931
712,-80.60313741402791,118.954507126449,0.028186002814352063
713,220.30428942013168,121.03332599742997,0.0280450728002803
714,-110.41090372067326,120.47308259761908,0.0279048474362789
715,202.76249545957802,123.15846723032621,0.027765323199097504
716,240.9520051244248,122.84372147191436,0.027626496583102015
717,-31.30163127449424,120.23845854698443,0.027488364100186506
718,214.45748493989117,120.55225763250036,0.027350922279685573
719,268.0309022066135,121.17439455696446,0.027214167668287145
720,261.1718931521315,122.60741770583193,0.02707809682994571
721,-81.7316280810107,119.34819981475248,0.02694270634579598
722,198.87920255100502,121.82696100363208,0.026807992814067
723,203.73965674663958,121.66852899915779,0.026673952849996664
724,224.37273206495803,121.54037666958973,0.02654058308574668
725,193.80636152999546,126.43379807193715,0.026407880170317945
726,265.70176301843844,126.72320403979683,0.026275840769466357
727,269.25058218179953,127.63070105551887,0.026144461565619025
728,280.41604863031745,128.54506610164148,0.02601373925779093
729,255.34295084176185,128.65842519910117,0.025883670561501974
730,262.52694712097673,129.0203363465837,0.025754252208694463
731,-39.868961827407475,126.18089005384904,0.02562548094765099
732,197.05874817994675,129.01789915288097,0.025497353542912736
733,272.3632071218092,129.36291059967846,0.02536986677519817
734,264.91326136232533,135.48164584795913,0.02524301744132218
735,-61.683880881907236,132.80106796839277,0.025116802354115567
736,270.8837690907078,133.67200685429424,0.024991218342344988
737,276.0207725111469,136.438418285342,0.024866262250633264
738,260.2005200534086,136.39541618666394,0.024741930939380097
739,272.41921165361384,137.00052065204235,0.024618221284683196
740,287.4575817300017,140.6814322847847,0.02449513017825978
741,218.33823016267348,143.7729418328657,0.02437265452736848
742,259.310956610734,143.48408129661192,0.024250791254731636
743,211.33244672168513,143.99322927518398,0.024129537298457977
744,227.82570839568683,144.08853349883964,0.024008889611965685
745,276.1914399084506,147.29951670136464,0.023888845163905856
746,-61.34518405309042,144.26827850376876,0.023769400938086327
747,-25.23618361729223,141.91038708475418,0.023650553933395897
748,221.43944753028995,144.4696116158318,0.023532301163728918
749,-65.12363690804011,141.73359604076126,0.023414639657910272
750,280.4669490388124,142.50658349197963,0.023297566459620722
751,238.06542727492376,142.58308253881512,0.023181078627322618
752,234.40855558529353,145.38125529611816,0.023065173234186005
753,279.89090054454823,146.02554708099657,0.022949847368015076
754,276.13720417760624,146.5063552906675,0.022835098131175
755,297.9367504761983,150.18467967307004,0.022720922640519125
756,248.25988430323372,150.3207824692357,0.02260731802731653
757,221.60175527048483,150.23116714597495,0.022494281437179946
758,247.37967453491103,149.92306030815425,0.022381810029994047
759,254.92554538679167,150.0946991102112,0.022269900979844076
760,258.3053014189427,153.47919948289356,0.022158551474944856
761,257.83937158046547,154.51214464898837,0.022047758717570132
762,224.2843458583779,154.29635120946722,0.021937519923982282
763,246.34916373342668,154.85583463762302,0.021827832324362372
764,218.8852358554851,157.49097541687613,0.02171869316274056
765,-53.02904764819866,154.8442947114822,0.021610099696926857
766,269.89326614701645,155.49968388531633,0.021502049198442223
767,-77.59405039172329,152.63385185546448,0.021394538952450012
768,15.655299157739961,150.87937173294634,0.02128756625768776
769,294.35537152030906,151.65286134279492,0.021181128426399323
770,158.85358647151958,151.56756622212063,0.021075222784267326
771,267.40531626800396,152.42187062402328,0.020969846670345987
772,269.6675371328022,152.89319527199706,0.020864997436994256
773,226.4781394641269,155.32372678639203,0.020760672449809284
774,251.13265206254357,155.53857065693634,0.020656869087560238
775,267.7557882045339,155.73393897455333,0.020553584742122436
776,287.3196663667709,156.91358282596738,0.020450816818411825
777,-61.76394829198543,157.25711709492836,0.020348562734319765
778,264.4784461552065,157.7041906734094,0.020246819920648168
779,258.1705512230582,157.9290724162427,0.020145585821044927
780,237.09489033008344,160.94934687311166,0.020044857891939702
781,198.67498870943177,161.8994727872243,0.019944633602480003
782,248.41652552970046,162.1474130812228,0.019844910434467605
783,269.5692560860554,165.37235709618702,0.019745685882295267
784,241.10854435340963,168.87089667400895,0.01964695745288379
785,240.6420731451782,169.23238734526794,0.01954872266561937
786,210.34458265709384,170.78025176743103,0.019450979052291272
787,211.46382793779173,173.40992298177125,0.019353724157029815
788,259.66176393867767,176.57654133184448,0.019256955536244666
789,250.88381913508832,176.85064594271805,0.019160670758563442
790,218.02364437119016,178.0511626022169,0.019064867404770626
791,242.06510482408373,178.19225245235668,0.018969543067746772
792,233.87021796855106,178.94922966191677,0.018874695352408037
793,267.07919410092177,179.21918896803734,0.018780321875645996
794,219.69862376814447,178.95183037601623,0.018686420266267767
795,246.2867600493856,181.90877996525214,0.018592988164936427
796,273.71025016982,183.19597944681357,0.018500023224111744
797,90.8366100023991,184.70851599117563,0.018407523107991184
798,256.8605082671561,185.2870141925071,0.01831548549245123
799,202.40859895868465,187.75008828024502,0.018223908064988973
800,184.49979967663856,190.63438487436824,0.018132788524664028
801,-11.511741348037393,191.1901391945981,0.018042124582040707
802,35.09535293636941,189.54373936357464,0.017951913959130504
803,250.2028612635655,189.65861276124414,0.01786215438933485
804,269.84196644931137,189.90097922828744,0.017772843617388175
805,230.0462951546826,192.88577003097436,0.017683979399301233
806,4.090606636110522,193.49183521296825,0.017595559502304726
807,248.42883262499578,196.52069854256118,0.0175075817047932
808,34.913922837649466,194.6485331748662,0.017420043796269234
809,230.1515799812529,194.4722268040735,0.017332943577287888
810,240.72892811346952,194.96219457354692,0.01724627885940145
811,271.7705894749264,195.50638885228204,0.017160047465104442
812,270.4840367481273,199.01726059390364,0.01707424722777892
813,-11.625121105474264,196.69796648864758,0.016988875991640028
814,12.74430534090861,197.92951857926337,0.016903931611681827
815,-14.15005185310008,195.76039310613658,0.01681941195362342
816,250.69800558516926,195.85785311074406,0.016735314893855303
817,55.26925921793688,196.72356201566836,0.016651638319386028
818,-9.905546522151724,194.47993170104797,0.0165683801277891
819,-72.1984106314799,191.077638572667,0.016485538227150154
820,37.589892061949456,188.84181856176517,0.0164031105360144
821,212.30137416614502,191.78214858423675,0.01632109498333433
822,8.12906224974958,189.87464718122416,0.016239489508417658
823,132.1238457404292,189.1584890711621,0.01615829206087557
824,278.7601823222311,189.70236357373483,0.01607750060057119
825,28.823184792171418,188.0525318063566,0.015997113097568336
826,265.22597827470713,188.04777395891924,0.015917127532080494
827,284.6368399129673,188.20163653623095,0.01583754189442009
828,256.5125143761585,187.96260119368932,0.01575835418494799
829,247.37534734509785,187.88292515872268,0.01567956241402325
830,243.2065598322008,187.68972128583493,0.015601164601953134
831,3.906141581263398,188.12747231992162,0.015523158778943369
832,25.078247711059944,186.40766731523274,0.015445542985048652
833,-43.640254324985335,183.24763270076485,0.015368315270123408
834,284.4921275041216,183.44342136218282,0.01529147369377279
835,21.664915122025334,184.27690932222214,0.015215016325303928
836,262.72692450354117,184.19534087635049,0.015138941243677408
837,252.6738431650279,183.9618715828893,0.01506324653745902
838,238.9377809636968,183.74924419199215,0.014987930304771725
839,193.0471221707357,182.95552329716335,0.014912990653247866
840,-171.9651496001577,178.36129598386174,0.014838425699981627
841,-25.843630177317323,175.91947738046184,0.01476423357148172
842,-123.06989274474992,172.095668886907,0.014690412403624311
843,4.796677931281195,170.030311199003,0.01461696034160619
844,-90.34526299838578,166.8486014850623,0.014543875539898159
845,-173.0077198692441,162.35660988728534,0.014471156162198668
846,-95.4380492219244,162.015681235597,0.014398800381387675
847,258.2776128025036,164.85081919979493,0.014326806379480736
848,34.88391844507407,162.98526390894276,0.014255172347583332
849,-183.49857201915677,161.8015145578316,0.014183896485845416
850,217.81141002411812,161.17495916768468,0.014112977003416188
851,187.04892296355192,160.66479412457093,0.014042412118399107
852,216.9569861077275,160.49027842979527,0.013972200057807112
853,-22.922562827875396,157.46214379607105,0.013902339057518077
854,255.07441116539076,157.2515158659489,0.013832827362230486
855,7.363445079932632,154.34578281198625,0.013763663225419333
856,-15.844003260675905,151.70474393634714,0.013694844909292236
857,-133.32370164390147,148.15548936720327,0.013626370684745774
858,-62.24995864978895,145.0591930353563,0.013558238831322046
859,221.24221352134808,144.72235971670185,0.013490447637165436
860,258.7009583131183,144.72631628564358,0.013422995398979608
861,-123.50761829887274,140.91284638685022,0.01335588042198471
862,239.33293104343076,141.06333223870072,0.013289101019874787
863,-83.88161850145484,137.76102441635194,0.013222655514775413
864,17.75043208050873,135.74967637860217,0.013156542237201536
865,-140.83208217646188,134.87164603331956,0.013090759526015528
866,-411.89852259272766,128.05372814592207,0.01302530572838545
867,0.9689932221775592,128.8393585820611,0.012960179199743523
868,-125.67965617378186,127.42600902874588,0.012895378303744804
869,221.7375381701038,126.69983069524383,0.01283090141222608
870,-205.37970045979074,123.05749782593074,0.012766746905164949
871,-4.836132963064827,120.33508333362006,0.012702913170639124
872,207.10037520872086,119.70941171437921,0.012639398604785928
873,-122.90809725020594,116.2155493472359,0.012576201611761997
874,17.960874598471776,113.88383157259518,0.012513320603703188
875,16.743017666371202,111.37370386721355,0.012450754000684672
876,271.11321964727097,111.21163940001856,0.012388500230681249
877,-90.37351468853694,110.92554373605304,0.012326557729527843
878,-140.554482135095,106.87521445315004,0.012264924940880204
879,-108.71867599836423,103.20632218093579,0.012203600316175803
880,-125.06233889769311,99.58474988865804,0.012142582314594924
881,-23.682940004121193,97.3611706015225,0.01208186940302195
882,220.00959490179667,97.07710129524348,0.01202146005600684
883,242.2701141702591,96.80410987608548,0.011961352755726806
884,48.43011839754246,94.87732561652682,0.01190154599194817
885,-102.25906276893808,91.44831425738565,0.01184203826198843
886,-120.0315390699595,88.14455304011511,0.011782828070678488
887,-48.50268588501122,85.54488790188708,0.011723913930325095
888,-20.513955756060653,82.7431307049397,0.01166529436067347
889,215.7026030924411,82.39131854451324,0.011606967888870102
890,305.92982325568454,83.27038033335818,0.01154893304942575
891,-19.689197896613464,80.65283730615121,0.011491188384178622
892,271.52954358815157,81.02943056234722,0.011433732442257729
893,13.439824383047196,78.49303686516849,0.01137656378004644
894,263.90885434847416,78.93513917097177,0.011319680961146208
895,55.47981765801569,77.02706974705806,0.011263082556340478
896,239.41225261927667,76.68408977155265,0.011206767143558775
897,261.0538462709022,78.38626213423767,0.011150733307840981
898,274.2742418161044,78.56039946972714,0.011094979641301777
899,-187.5387260027084,74.66092622011323,0.011039504743095268
900,275.235976079922,75.56828798414604,0.01098430721937979
901,276.82216892576116,78.45162708688403,0.010929385683282892
902,-159.00687319752006,76.51060482554516,0.010874738754866477
903,-44.231618950724425,73.56626002340225,0.010820365061092144
904,261.0696413707112,73.47853677261624,0.010766263235786683
905,-45.03093486660737,70.72776447240334,0.01071243191960775
906,31.400493778549304,71.00086334382775,0.010658869760009713
907,-121.35434649790884,67.30303155259868,0.010605575411209664
908,-44.15424450972272,66.51234987912495,0.010552547534153616
909,235.6519712671607,66.56735379198405,0.010499784796482848
910,276.36431328476147,66.92370764369696,0.010447285872500434
911,243.94292420067455,66.64543099095444,0.01039504944313793
912,259.6956389819079,66.53754701329225,0.010343074195922241
913,-56.74309999819392,66.08636722436503,0.01029135882494263
914,-155.28974994369486,64.40602667151902,0.010239902030817916
915,-179.82881911705238,62.74923899887949,0.010188702520663827
916,-219.34067583486228,58.048852184679184,0.010137759008060509
917,-90.80949865253343,56.58806460597448,0.010087070213020206
918,247.6745293955255,59.16386536515125,0.010036634861955105
919,272.7253610043247,62.61310308150929,0.01
920,249.8427864194279,64.73563202508407,0.01
921,298.21249306668926,65.59474321408952,0.01
922,254.3371432499083,68.05682402409111,0.01
923,32.02776377722262,67.05586320445904,0.01
924,-68.4896141734297,63.58336523950243,0.01
925,261.65781111983927,65.91171150277911,0.01
926,247.8736783910635,65.73818850394268,0.01
927,248.77061156977493,65.37952622051075,0.01
928,257.3280279824909,65.38768135657409,0.01
929,-46.62816308223299,62.447646252300764,0.01
930,-8.24641105353298,59.93311654344343,0.01
931,-92.74999614347865,58.96655516619601,0.01
932,-5.474570424450107,58.661026984840916,0.01
933,29.28436000161645,59.39027312810694,0.01
934,-232.27791959097092,54.222572657156014,0.01
935,197.12961015460988,55.97721960748186,0.01
936,251.7343194357839,55.86729355680428,0.01
937,250.16114736933554,55.84216659884735,0.01
938,276.1056062513918,56.213844851724296,0.01
939,243.78873304484875,56.721260960465436,0.01
940,277.0329995091986,61.211242451558995,0.01
941,277.12606739394846,64.24093942727166,0.01
942,-55.54805479805736,64.91615780673858,0.01
943,193.92701968971448,66.80746122432292,0.01
944,251.82227692461495,70.22913662355293,0.01
945,-103.25682083580591,70.9266456138873,0.01
946,261.5849896047739,74.49687600215428,0.01
947,276.17206770429436,74.6758205511722,0.01
948,-202.36585523715635,72.30332281434988,0.01
949,265.90361612340615,76.79734469577552,0.01
950,-30.306336561056114,74.31616722992376,0.01
951,-56.57305155244292,71.87994748476383,0.01
952,222.58037937289964,71.93618141741555,0.01
953,197.8604411799339,74.14401145749365,0.01
954,-26.368040356817062,71.32958694227156,0.01
955,278.398009212951,74.03993258360175,0.01
956,-60.928804656038615,73.58908456964814,0.01
957,223.72567718906512,77.1595783579778,0.01
958,267.3585970435244,80.45566391491091,0.01
959,230.62127353101542,80.5494545150076,0.01
960,254.67534973138498,80.50919842919025,0.01
961,224.6795885539388,83.99107049771837,0.01
962,281.0204830508609,84.40794601779267,0.01
963,307.38026486757866,88.32056485148301,0.01
964,265.5230007466255,90.79829053814419,0.01
965,267.1859115080337,94.87847047498913,0.01
966,246.01909450244966,101.4576466459409,0.01
967,245.9393822666703,103.90735053638582,0.01
968,8.412244106586243,105.24826953918951,0.01
969,239.84093229214352,105.42930348040991,0.01
970,240.3051138140508,109.88615162314832,0.01
971,30.74811125289162,110.24199406530789,0.01
972,260.333449998541,110.77432481320609,0.01
973,242.05307098168836,114.42393649552503,0.01
974,250.2136977649611,116.74646472718992,0.01
975,251.6057495786858,119.09509204631307,0.01
976,270.47598754084163,119.0887197252488,0.01
977,217.47866756293735,122.16724154776354,0.01
978,-40.57890841315704,123.1669972849829,0.01
979,224.83783048492364,126.50256234981578,0.01
980,225.78001069023205,130.01098584569502,0.01
981,243.36748779669207,132.68149012370316,0.01
982,27.447180070370564,130.7558659753889,0.01
983,276.1602640415633,131.09476747410196,0.01
984,1.9270344617808786,130.62973663474435,0.01
985,242.7800732002104,134.08012799443586,0.01
986,238.79015765076142,137.66834496164304,0.01
987,241.17198205924632,140.5650916410856,0.01
988,242.12666762748677,143.19149787492105,0.01
989,286.38699738198943,143.89834181781654,0.01
990,243.27090498844515,143.27175263514414,0.01
991,-65.99700355235301,142.80867457858676,0.01
992,251.58952865030454,142.60927442920828,0.01
993,235.6662127462782,144.8315383128406,0.01
994,219.4307655941245,144.3867574252971,0.01
995,-50.85272646771561,143.3234319840398,0.01
996,241.35864038494833,143.34289586169652,0.01
997,231.03396490153696,143.04269704800285,0.01
998,268.4539782002257,142.98449441184405,0.01
999,18.04428603901688,145.04032453226134,0.01
1000,42.253597658695355,142.71050074804904,0.01
1001,1.1890856069833546,139.9541699148613,0.01
1002,280.3115847997253,144.34735449483375,0.01
1003,260.9081797590737,147.39875248193172,0.01
1004,267.25451604470413,147.46060122867166,0.01
1005,294.52998529527963,150.85621043029053,0.01
1006,256.31777837534503,153.1053832762585,0.01
1007,272.09362224683355,157.0398629637059,0.01
1008,236.4484793549469,159.8458902023526,0.01
1009,-65.83525041209465,156.83101798556007,0.01
1010,-77.44754304172145,153.29289942229522,0.01
1011,204.73047283090386,152.90077490859753,0.01
1012,-349.72926222318506,146.8065258965466,0.01
1013,-147.0269352918695,145.90368754360983,0.01
1014,-154.39504867595315,145.91263455628723,0.01
1015,247.50623472821215,150.1859850947399,0.01
1016,-5.2921124896531495,152.326470728192,0.01
1017,25.002562614068168,153.484591340858,0.01
1018,272.24043510124227,153.73025039791517,0.01
1019,272.1743655078465,153.72474044295038,0.01
1020,-244.12245258634832,148.78508805289263,0.01
1021,-173.00347338129637,144.07292838841275,0.01
1022,248.39020735869875,144.01345902950067,0.01
1023,-64.48359021682427,143.0483454895602,0.01
1024,250.20581087714336,146.2352997400659,0.01
1025,-178.01214003521807,141.83860022851536,0.01
1026,-73.6608805331904,138.62325463927283,0.01
1027,-68.29598839658121,135.45258863960927,0.01
1028,-33.68524049208743,132.54245595486344,0.01
1029,212.5977974441716,135.13471556012755,0.01
1030,-61.50169976389695,134.60216267302386,0.01
1031,222.40336597374295,137.75369629419612,0.01
1032,7.263903053919606,137.8810810289798,0.01
1033,32.158910992501944,137.90982653888864,0.01
1034,-69.10459148480336,139.54155981995032,0.01
1035,261.37300815097694,140.183993799914,0.01
1036,281.34669911453864,140.48011759670152,0.01
1037,3.310868738767766,138.01161481039586,0.01
1038,-55.64826600641824,134.69407608781776,0.01
1039,224.8140947880033,134.50432970524932,0.01
1040,147.67129471440447,133.2107126573014,0.01
1041,225.91313252884453,132.69858330865034,0.01
1042,-73.55129489449554,132.51855090768595,0.01
1043,-9.957333567523946,130.47970737511355,0.01
1044,-132.80067365581846,126.63347786930925,0.01
1045,11.08418256096104,127.77688790327687,0.01
1046,-5.400296630743284,125.10703504092172,0.01
1047,219.10047580512804,124.53631912193003,0.01
1048,-214.62053975710407,124.41377227673055,0.01
1049,5.531475436360992,121.81005086986009,0.01
1050,166.27730463538313,123.77588728182451,0.01
1051,278.45202572157194,127.12613805456465,0.01
1052,-167.10682042524274,123.22926605658326,0.01
1053,20.41376272820179,121.45479927206593,0.01
1054,140.75969503808886,123.12607662601498,0.01
1055,-225.14547952218362,118.09064173866363,0.01
1056,-199.3943811160961,116.70598597406308,0.01
1057,246.91718934103037,116.93790109558273,0.01
1058,-204.84081610514846,112.215906964096,0.01
1059,203.59740102389566,111.9456682390248,0.01
1060,-24.215547028004252,109.15675927143089,0.01
1061,-34.344385620372094,106.56651952968778,0.01
1062,-151.91183381907683,102.2371963609884,0.01
1063,210.40128952932002,101.26740660760582,0.01
1064,-64.74123107786913,97.96476428936089,0.01
1065,235.5210518063275,97.6481156923438,0.01
1066,241.3714249620768,97.6016389969401,0.01
1067,-166.06959691796294,93.48154920509376,0.01
1068,252.18248499417393,95.91925161396962,0.01
1069,257.3161022801205,96.09400331384938,0.01
1070,-261.09143823389866,91.0800377933699,0.01
1071,197.3047687338007,92.74560436817899,0.01
1072,-53.342050579363715,89.60884936239997,0.01
1073,-4.235390618218673,87.14596474640089,0.01
1074,241.27416224551817,87.05656939120645,0.01
1075,14.144832944251633,84.68196022486212,0.01
1076,-26.155565510078503,81.71564469435292,0.01
1077,234.41931109542938,81.88505112967783,0.01
1078,-192.5209354900701,80.3656308589087,0.01
1079,206.7416655416143,80.18466920947563,0.01
1080,-172.54123973459025,76.2014567052274,0.01
1081,-85.9126644091508,72.90865518316896,0.01
1082,273.1921894753253,75.36610527721851,0.01
1083,16.78449027247619,72.77234753952763,0.01
1084,253.29339015867157,75.28601109649654,0.01
1085,303.0269817408462,75.88848018190289,0.01
1086,78.29449560540642,74.28352356144934,0.01
1087,203.91904982821393,73.91099423913901,0.01
1088,-171.06529007665773,69.77907466209757,0.01
1089,169.84239013453265,68.613628589623,0.01
1090,-22.95457360695326,65.95137380366901,0.01
1091,-193.50277095070777,64.67631612968547,0.01
1092,-25.401938305955795,61.90640146012288,0.01
1093,-11.69892478705134,59.432750084789575,0.01
1094,28.30108660478129,57.521453294896155,0.01
1095,259.56832748512085,60.625663834424515,0.01
1096,22.766202312904824,58.43973945370408,0.01
1097,255.0621109644821,58.680020914333525,0.01
1098,249.60103438328818,58.49149147616416,0.01
1099,-151.26817688962117,56.79836684687777,0.01
1100,-220.29925336878466,54.172838336602965,0.01
1101,262.7744265074732,56.78869174560788,0.01
1102,-132.43682217780804,52.661207675832536,0.01
1103,-274.1599956895001,47.31052592134681,0.01
1104,-198.59884824146835,42.651992278485075,0.01
1105,-15.51280096518552,39.551564415880435,0.01
1106,220.46405192666234,39.1930271513936,0.01
1107,223.84830130962234,38.71057394202148,0.01
1108,-153.07173062201963,34.81537184225182,0.01
1109,244.1035583638838,37.9147599300116,0.01
1110,-47.02390275975825,38.21899633283123,0.01
1111,170.32775721105148,37.87496917663271,0.01
1112,31.41329669446344,41.6863947658092,0.01
1113,228.65529404943993,45.4432170592223,0.01
1114,-78.03950992915563,46.20677244669027,0.01
1115,-74.21122952427476,42.989597804165406,0.01
1116,-52.16610134452283,42.52085791561671,0.01
1117,-85.05867283972691,41.42024556107876,0.01
1118,-198.55184942135475,36.71232271585278,0.01
1119,-134.70637303449132,32.6435153304294,0.01
1120,-165.0632608127541,33.434107248165354,0.01
1121,-63.37602918149827,34.530381690163324,0.01
1122,229.84508884274052,34.344930505003745,0.01
1123,-118.29651938285448,33.80680121334345,0.01
1124,-204.13671463696937,29.263375958202317,0.01
1125,270.88432736820505,33.752340632236546,0.01
1126,15.275274840051836,34.64170218596897,0.01
1127,270.73834843563344,38.03204555429111,0.01
1128,-258.14905548630935,35.78740740434889,0.01
1129,258.97239816687943,36.25115341157597,0.01
1130,-18.25656945875592,36.68360471462738,0.01
1131,-202.22769656162865,32.437294089273664,0.01
1132,237.9423008650744,34.74407806738521,0.01
1133,-68.00727004829943,33.742416256977194,0.01
1134,252.61473798315913,36.95960955165682,0.01
1135,256.4006449531332,36.90988591967839,0.01
1136,-15.385259113015266,33.94256633740285,0.01
1137,288.8774437371327,36.7982320873865,0.01
1138,-86.71212956784578,36.48759345177222,0.01
1139,172.28873810291134,35.962339884921306,0.01
1140,-57.85235792940181,33.90710335848323,0.01
1141,269.13253575699275,34.33929739076472,0.01
1142,-0.2020298127157929,35.072790041582515,0.01
1143,278.93254262935017,37.96168880355126,0.01
1144,-30.04166067687818,38.989278933340664,0.01
1145,1.4635469154041942,38.89307257688509,0.01
1146,276.14941726999933,41.708569715892516,0.01
1147,193.83649639807635,41.455929921822005,0.01
1148,-106.82251074802167,42.53391021191282,0.01
1149,270.76572228513055,45.18625268040052,0.01
1150,263.52747223526234,46.158754356399314,0.01
1151,251.45536101228095,45.888787709306406,0.01
1152,255.8218861245769,50.11807477480459,0.01
1153,256.58268113666105,52.4797639588892,0.01
1154,279.4927130585413,53.867094139093716,0.01
1155,296.9428744960512,59.087977679276065,0.01
1156,-33.53469292181208,60.74657456121889,0.01
1157,291.20459351170376,61.18944860292564,0.01
1158,210.84940800497037,65.34635084402683,0.01
1159,-3.5065780935766355,63.2753110528521,0.01
1160,-276.26231585881385,60.754843364544016,0.01
1161,-4.085033259746439,61.05743688815027,0.01
1162,250.3317208673513,65.07987243501455,0.01
1163,234.67643380627402,65.3226238777841,0.01
1164,268.92287536961317,68.65926494225891,0.01
1165,251.6677589861582,68.82073201405723,0.01
1166,131.79745471767563,67.72499231161322,0.01
1167,210.1484878552588,71.48717315934543,0.01
1168,-14.605724765039213,68.8192910617533,0.01
1169,-51.96637774114741,65.72646626154062,0.01
1170,-140.91563984357566,66.92822424544386,0.01
1171,221.8988734421555,67.17416529252742,0.01
1172,272.8350695247498,70.43593649356853,0.01
1173,284.32864710746503,73.32157687082537,0.01
1174,256.0906511023807,73.469741759394,0.01
1175,261.9608344366114,75.9479017743176,0.01
1176,269.36723954937435,78.90312982491211,0.01
1177,-2.219267312390187,76.53674404083391,0.01
1178,29.139436674358137,78.7533477624782,0.01
1179,206.607356441199,78.75200467147405,0.01
1180,251.1840004246776,82.98925707306672,0.01
1181,271.9603390450871,86.5679871076091,0.01
1182,277.56773891959244,86.61174260205178,0.01
1183,278.655734997439,89.2304550493014,0.01
1184,-58.12058972887671,86.11631525042593,0.01
1185,66.27806713964,83.74882610441385,0.01
1186,265.4968391445207,85.62084953980498,0.01
1187,260.00571063860946,86.18171614790897,0.01
1188,258.2669459124996,90.47503850780053,0.01
1189,236.0867866489071,91.13748247294428,0.01
1190,-40.18853716324452,90.96514283738135,0.01
1191,-134.86854862741265,91.55148506061431,0.01
1192,304.77243535093896,94.85322879718323,0.01
1193,233.43212149621408,97.30453926001589,0.01
1194,253.8977810889121,99.56050620485719,0.01
1195,320.2532969771771,100.16735589977777,0.01
1196,271.9585615090619,102.65927949173934,0.01
1197,-6.2973809399984475,100.04568457269454,0.01
1198,284.45944941924057,100.39426872305404,0.01
1199,-54.920515764688076,101.3577453343034,0.01
1200,11.237173714967554,103.67310960514092,0.01
1201,201.53664538867127,103.06073179395291,0.01
1202,280.9002275818185,107.19410229154917,0.01
1203,-171.8014994346433,108.21768725409774,0.01
1204,257.953966527249,112.78321540178493,0.01
1205,-292.5972584306546,110.01237082713024,0.01
1206,-64.47209046280966,107.16300940323552,0.01
1207,7.723500905987763,105.00176139919917,0.01
1208,200.7638524546818,108.54011722996616,0.01
1209,234.03280983698355,108.43940974469717,0.01
1210,277.0243600583217,111.67989237287797,0.01
1211,284.08446969781176,112.81745949774555,0.01
1212,281.7073424785584,115.3203999555865,0.01
1213,298.28379807895874,116.01668499588169,0.01
1214,-274.44171655869957,114.05266292958626,0.01
1215,-37.51432051195846,114.41963201970943,0.01
1216,-25.900958334768404,114.68228344980696,0.01
1217,260.3019804678554,118.13588998288279,0.01
1218,275.8766752334902,122.88017522943126,0.01
1219,243.88958388694434,126.66613479864561,0.01
1220,286.52124481698667,131.181979854943,0.01
1221,267.6422289145507,134.4921624359035,0.01
1222,-80.07776703577075,131.3929338771184,0.01
1223,269.7873626031203,135.2737726969781,0.01
1224,-10.74692175894792,137.20767062575834,0.01
1225,249.68902230883552,136.99571757516466,0.01
1226,271.9849120547733,139.56281394731187,0.01
1227,4.188707431949879,136.89731753727506,0.01
1228,264.61887507145684,142.1249968428527,0.01
1229,266.0408421843382,142.1956812830273,0.01
1230,-61.12628341250758,141.76698414348976,0.01
1231,262.32389440539123,146.41250005315996,0.01
1232,-56.03906492783043,143.4726863952309,0.01
1233,-82.49256493815604,143.32783344633236,0.01
1234,250.30086326065398,143.3046946991073,0.01
1235,-50.738100418618586,140.23330724538977,0.01
1236,213.58284453452737,142.5229882818652,0.01
1237,294.4635770809298,142.57884961530317,0.01
1238,241.28212463649925,145.8587921573466,0.01
1239,216.86835562012067,146.30458833251873,0.01
1240,262.87539359583064,149.51186584777105,0.01
1241,188.38133838253248,148.70435387402645,0.01
1242,16.55919921034446,148.87196616425703,0.01
1243,249.22014091199543,148.57484214708347,0.01
1244,-197.52468290645734,146.90001192478766,0.01
1245,265.581770971634,149.54119416535,0.01
1246,274.586728746082,149.5255672801108,0.01
1247,244.10163226383986,150.02821863876846,0.01
1248,263.03430071056096,153.7267867533543,0.01
1249,249.55873058496076,153.51471683635262,0.01
1250,287.7001781641036,153.756443895641,0.01
1251,265.86758619172224,153.9005661474354,0.01
1252,227.81193616737707,153.62046664786342,0.01
1253,239.47219550195,153.4493617915163,0.01
1254,-75.64521271617944,149.89798253376912,0.01
1255,272.99921798034313,149.65854596861203,0.01
1256,260.1043544106235,152.5949364419364,0.01
1257,19.439543147369363,149.87728593829306,0.01
1258,268.34149232856566,150.452206781529,0.01
1259,258.7614476502032,153.0748870389668,0.01
1260,268.433715876194,158.52184735631687,0.01
1261,238.27004487323538,160.9453981376467,0.01
1262,236.79223674061038,160.81000329637928,0.01
1263,16.775399729788433,158.63099295561443,0.01
1264,238.3873794461201,158.3256379963795,0.01
1265,215.52101046461996,157.9641705111641,0.01
1266,251.0905661326903,159.15710162531425,0.01
1267,251.29881268662973,159.56860487362795,0.01
1268,-14.843566109228433,159.56622646018607,0.01
1269,-47.3852665349137,159.61203757224843,0.01
1270,189.9240130940288,162.92043410162447,0.01
1271,183.13200189333546,162.53276538613628,0.01
1272,-4.52520449857353,159.75916264590302,0.01
1273,247.42773750277615,159.39015354985614,0.01
1274,-205.82522038602707,154.77099483497204,0.01
1275,151.61738294361817,153.66756032004213,0.01
1276,241.20311748600764,153.38591909940845,0.01
1277,262.2745982118684,156.03085775465107,0.01
1278,222.57372941451172,157.96520068205257,0.01
1279,269.16274891752494,158.59075460681584,0.01
1280,276.9789833879246,158.8487044364483,0.01
1281,280.5070385593857,158.93417143159127,0.01
1282,272.86930548000987,158.88718709719546,0.01
1283,186.45043639093865,157.96513411113045,0.01
1284,303.3926386563163,161.5802663949824,0.01
1285,240.78446919264243,163.3253304155124,0.01
1286,-382.0030684762949,156.85033133930426,0.01
1287,253.33677969742376,156.78364202989238,0.01
1288,284.85593647409576,157.04953193550836,0.01
1289,-5.474122375922974,154.6339228452601,0.01
1290,267.10492908981126,157.70685750779063,0.01
1291,259.36598067659673,161.64920280083072,0.01
1292,277.37030520679104,161.37518149938924,0.01
1293,245.05019661896205,161.49136225061673,0.01
1294,240.99895347520018,161.3623739744796,0.01
1295,253.11170279586668,160.6909580326665,0.01
1296,-154.8666425440921,156.42270599213495,0.01
1297,273.0495420593669,159.2161752221286,0.01
1298,-126.54936443101887,155.106087083626,0.01
1299,267.91103815493886,158.3344026228223,0.01
1300,185.12662130371353,160.07329709870973,0.01
1301,265.1215151250288,160.70914579607333,0.01
1302,295.87396631375486,160.8588831833927,0.01
1303,280.0238504035135,165.3771366817743,0.01
1304,229.61376062989325,165.0937346228007,0.01
1305,257.268828901678,170.592395496124,0.01
1306,-416.68325861599493,167.0702838145922,0.01
1307,278.221184775467,169.77526065328692,0.01
1308,242.8208596247709,170.19583072498781,0.01
1309,299.30387994301185,170.84854142604811,0.01
1310,260.7584987795564,170.68588281326046,0.01
1311,261.8662988149006,170.46370110443135,0.01
1312,259.7500010542512,170.24412769018832,0.01
1313,282.42471795160816,170.0855368889148,0.01
1314,219.96810108416457,175.02963506534343,0.01
1315,247.8157190100124,177.88293546056312,0.01
1316,265.32710141533516,180.79521605806423,0.01
1317,292.05570127853014,181.1127532661709,0.01
1318,273.41762438840703,181.08816275772008,0.01
1319,198.86950669838427,180.6379619858345,0.01
1320,283.4536261475281,180.60728579913993,0.01
1321,266.56278658015776,180.59649137579603,0.01
1322,287.01323102717436,184.26740135642547,0.01
1323,287.83850812020694,184.4479128115963,0.01
1324,257.9875226631883,187.13525725581766,0.01
1325,279.6966590650496,187.43533362337976,0.01
1326,243.12917960130477,187.14677629884514,0.01
1327,255.03098917656783,189.6551991162913,0.01
1328,272.88698081645134,189.73788017374127,0.01
1329,285.7766301370719,189.93523805326862,0.01
1330,291.06892912711766,193.45719017866486,0.01
1331,283.0333196567748,193.6642844311787,0.01
1332,273.0988658386973,196.9556637388439,0.01
1333,268.2519802628234,200.46310919085371,0.01
1334,224.30050005988352,200.203105558846,0.01
1335,278.6450400065937,203.49693696309814,0.01
1336,263.80931099877876,203.99920162774066,0.01
1337,281.44368434182445,203.86900270034963,0.01
1338,262.37321967590515,204.0799136507437,0.01
1339,248.09918250428854,204.39222191958538,0.01
1340,246.93823168939997,204.23285030052105,0.01
1341,-414.0859752393436,198.2081771643023,0.01
1342,303.2116835616947,201.0747020078158,0.01
1343,272.9923497019197,201.31242409571504,0.01
1344,302.87581458197144,206.3164290705993,0.01
1345,269.82402392664073,206.35885160014936,0.01
1346,277.6681636799832,206.3896659494884,0.01
1347,277.1049867409319,206.7196994942593,0.01
1348,260.78966670213833,206.69725315417512,0.01
1349,270.59593849428506,206.9076252332683,0.01
1350,262.0319961270724,206.65094341289802,0.01
1351,237.23800703379678,206.36464762131874,0.01
1352,276.27845348993264,206.84931279454432,0.01
1353,15.237387027937586,204.6069647098042,0.01
1354,276.65921123470827,208.1300089493131,0.01
1355,287.5871870005994,208.2758886395156,0.01
1356,263.2734615000154,208.30757971040953,0.01
1357,280.95316504664095,210.92271592940224,0.01
1358,289.83006279635697,211.13760163408017,0.01
1359,288.52459069658084,211.43523306454392,0.01
1360,267.4786154161709,211.4256820599437,0.01
1361,307.91176983818383,212.1220993095932,0.01
1362,277.0909408469789,212.52508635065686,0.01
1363,260.1254624463022,214.95858697782205,0.01
1364,276.85163031691167,215.34322948653,0.01
1365,291.7231631985276,216.10525101386906,0.01
1366,251.53120921264915,216.10965744466858,0.01
1367,266.53279417847887,216.2619972595871,0.01
1368,265.15061723564236,219.0619390930358,0.01
1369,261.8365372674933,222.15415713105983,0.01
1370,257.77016578164523,222.83261865793608,0.01
1371,286.9830373257412,223.87112901226013,0.01
1372,284.52387923677554,226.76161984961362,0.01
1373,245.41090282690564,226.74145150285491,0.01
1374,264.2635371560003,231.44233907827518,0.01
1375,264.680452184052,232.5729697706795,0.01
1376,266.17820951681915,232.82272069098764,0.01
1377,288.9525397055512,233.0895001059245,0.01
1378,250.5324418129585,233.3690872299089,0.01
1379,251.91433613017858,233.19660310203548,0.01
1380,260.29151187004777,233.0297283868567,0.01
1381,270.7545238368413,232.93220323963124,0.01
1382,274.02660408463146,232.94377622567745,0.01
1383,266.39982069597806,233.74327006872784,0.01
1384,241.43453642192375,233.1236890463839,0.01
1385,235.2363795860808,233.06820815031833,0.01
1386,-8.893488134847502,236.7993039537328,0.01
1387,281.31839473233197,237.07912010408185,0.01
1388,286.2884828505089,237.093445567846,0.01
1389,280.5771322935796,239.95395811454102,0.01
1390,293.0525753331178,240.21343457697407,0.01
1391,257.13115262767616,240.19108629648485,0.01
1392,219.32795642382683,239.6106628086552,0.01
1393,253.7481517869951,239.6976423603356,0.01
1394,229.07873226545985,239.5784401482382,0.01
1395,252.31274946789335,239.57045061495842,0.01
1396,251.79601852007727,243.63707722560014,0.01
1397,240.75174214849608,243.31409922649138,0.01
